,L,nh,x->y,y->x
0,1,5,-2.963336229324341,-3.017909526824951
1,3,5,-2.94810152053833,-3.04072642326355
