,L,nh,x->y,y->x
0,1,5,-2.9484703540802,-3.090467691421509
1,3,5,-3.1601145267486572,-3.064328193664551
