,L,nh,x->y,y->x
0,1,5,-3.602513313293457,-3.5568394660949707
1,3,5,-3.7325117588043213,-3.6664533615112305
