,L,nh,x->y,y->x
0,1,5,-3.0853209495544434,-3.5833206176757812
1,3,5,-3.4335103034973145,-3.813462734222412
