,L,nh,x->y,y->x
0,1,5,-3.164313793182373,-3.1947901248931885
1,3,5,-3.608088731765747,-3.8254003524780273
