,L,nh,x->y,y->x
0,1,5,-3.2376761436462402,-3.2960543632507324
1,3,5,-2.871382474899292,-3.0086138248443604
