,L,nh,x->y,y->x
0,1,5,-3.904449939727783,-3.522771120071411
1,3,5,-4.674506187438965,-4.113441467285156
