,L,nh,x->y,y->x
0,1,5,-3.646373748779297,-3.531554937362671
1,3,5,-4.09083890914917,-4.039363861083984
