,L,nh,x->y,y->x
0,1,5,-2.3555173873901367,-2.3808019161224365
1,3,5,-2.238924741744995,-2.338980197906494
