,L,nh,x->y,y->x
0,1,5,-2.4111292362213135,-2.385582447052002
1,3,5,-2.1733241081237793,-2.3311924934387207
