,L,nh,x->y,y->x
0,1,5,-3.606492519378662,-3.3704915046691895
1,3,5,-3.9880523681640625,-3.9039547443389893
