,L,nh,x->y,y->x
0,1,5,-3.1281540393829346,-2.99440860748291
1,3,5,-3.1934518814086914,-3.132591962814331
