,L,nh,x->y,y->x
0,1,5,-3.2502148151397705,-3.1882236003875732
1,3,5,-3.360159397125244,-3.4463322162628174
