,L,nh,x->y,y->x
0,1,5,-3.315429925918579,-3.32267689704895
1,3,5,-2.6764230728149414,-3.50624418258667
