,L,nh,x->y,y->x
0,1,5,-3.059356689453125,-3.1051535606384277
1,3,5,-3.1356639862060547,-3.0320491790771484
