,L,nh,x->y,y->x
0,1,5,-3.974658250808716,-3.9350709915161133
1,3,5,-4.488495349884033,-4.797745704650879
