,L,nh,x->y,y->x
0,1,5,-0.9353364109992981,-0.9059238433837891
1,3,5,-0.5811417698860168,-0.5577388405799866
