,L,nh,x->y,y->x
0,1,5,-3.2909817695617676,-3.1500847339630127
1,3,5,-4.091391086578369,-3.840296506881714
