,L,nh,x->y,y->x
0,1,5,-3.296912431716919,-3.281346321105957
1,3,5,-3.775299072265625,-4.300846576690674
