,L,nh,x->y,y->x
0,1,5,-1.0697401762008667,-1.123890995979309
1,3,5,1.3803621530532837,1.361493468284607
