,L,nh,x->y,y->x
0,1,5,-2.985429525375366,-3.1149001121520996
1,3,5,-3.503636121749878,-3.5516066551208496
