,L,nh,x->y,y->x
0,1,5,-2.4985578060150146,-2.8629324436187744
1,3,5,-2.450000286102295,-2.8518176078796387
