,L,nh,x->y,y->x
0,1,5,-2.8850910663604736,-2.9576148986816406
1,3,5,-2.915052652359009,-2.9210433959960938
