,L,nh,x->y,y->x
0,1,5,-3.3163726329803467,-3.4429376125335693
1,3,5,-3.8482537269592285,-3.343376636505127
