,L,nh,x->y,y->x
0,1,5,-2.745626449584961,-2.8190298080444336
1,3,5,-2.700103759765625,-2.818603515625
