,L,nh,x->y,y->x
0,1,5,-3.6545791625976562,-4.895660400390625
1,3,5,-3.8074405193328857,-5.130731105804443
