,L,nh,x->y,y->x
0,1,5,-3.008699655532837,-3.1167194843292236
1,3,5,-3.5824098587036133,-3.772144079208374
