,L,nh,x->y,y->x
0,1,5,-2.7022085189819336,-2.6943087577819824
1,3,5,-2.5358169078826904,-2.6979877948760986
