,L,nh,x->y,y->x
0,1,5,-3.0276806354522705,-3.0991995334625244
1,3,5,-3.2033984661102295,-6.56176233291626
