,L,nh,x->y,y->x
0,1,5,-3.232285261154175,-3.4736695289611816
1,3,5,-3.6735472679138184,-3.856966972351074
