,L,nh,x->y,y->x
0,1,5,-2.7680282592773438,-2.769028902053833
1,3,5,-2.6810052394866943,-2.8131296634674072
