,L,nh,x->y,y->x
0,1,5,-0.6480489373207092,-0.6507230997085571
1,3,5,-0.45860639214515686,-0.45129525661468506
