,L,nh,x->y,y->x
0,1,5,-2.6788454055786133,-2.6653521060943604
1,3,5,-2.5348622798919678,-2.6533524990081787
