,L,nh,x->y,y->x
0,1,5,-3.366328001022339,-3.4594523906707764
1,3,5,-4.087093353271484,-4.006100177764893
