,L,nh,x->y,y->x
0,1,5,-3.8380300998687744,-4.182489395141602
1,3,5,-3.834078073501587,-4.285832405090332
