,L,nh,x->y,y->x
0,1,5,-3.172381639480591,-3.1463921070098877
1,3,5,-4.539936542510986,-3.283534288406372
