,L,nh,x->y,y->x
0,1,5,-3.1602540016174316,-3.432459831237793
1,3,5,-3.5549631118774414,-3.8218400478363037
