,L,nh,x->y,y->x
0,1,5,-3.9545912742614746,-4.272171497344971
1,3,5,-4.030552387237549,-4.0995917320251465
