,L,nh,x->y,y->x
0,1,5,-3.5389392375946045,-3.315129518508911
1,3,5,-4.031268119812012,-3.7845001220703125
