,L,nh,x->y,y->x
0,1,5,-3.3096988201141357,-3.4184377193450928
1,3,5,-4.0608229637146,-3.9665262699127197
