,L,nh,x->y,y->x
0,1,5,-3.629284143447876,-3.4445085525512695
1,3,5,-4.084895133972168,-3.969353675842285
