,L,nh,x->y,y->x
0,1,5,-4.315494537353516,-4.256277561187744
1,3,5,-4.7078118324279785,-5.338422775268555
