,L,nh,x->y,y->x
0,1,5,-2.563030242919922,-2.5778963565826416
1,3,5,-2.420866012573242,-2.533780097961426
