,L,nh,x->y,y->x
0,1,5,-3.439850091934204,-3.544933795928955
1,3,5,-3.7156245708465576,-3.830487012863159
