,L,nh,x->y,y->x
0,1,5,-2.6044516563415527,-2.6279170513153076
1,3,5,-2.5507054328918457,-2.655747413635254
