,L,nh,x->y,y->x
0,1,5,-3.472511053085327,-3.3129308223724365
1,3,5,-3.9048309326171875,-5.252955913543701
