,L,nh,x->y,y->x
0,1,5,-2.7031185626983643,-2.840819835662842
1,3,5,-2.7403225898742676,-2.915193796157837
