,L,nh,x->y,y->x
0,1,5,-3.2302134037017822,-3.1955981254577637
1,3,5,-2.8212952613830566,-3.0036134719848633
