,L,nh,x->y,y->x
0,1,5,-3.2615880966186523,-3.4417154788970947
1,3,5,-3.5168018341064453,-3.8799359798431396
