,L,nh,x->y,y->x
0,1,5,-2.9222233295440674,-2.922013759613037
1,3,5,-3.0002048015594482,-3.5068674087524414
