,L,nh,x->y,y->x
0,1,5,-4.254108905792236,-4.639321327209473
1,3,5,-4.185665607452393,-5.374135971069336
