,L,nh,x->y,y->x
0,1,5,-3.4790380001068115,-3.5633039474487305
1,3,5,-3.7455689907073975,-4.420266151428223
