,L,nh,x->y,y->x
0,1,5,-1.722973346710205,-1.6623954772949219
1,3,5,-0.7598316669464111,0.5536677241325378
