,L,nh,x->y,y->x
0,1,5,-1.202304720878601,-1.287575602531433
1,3,5,-0.6967797875404358,-0.8445008993148804
