,L,nh,x->y,y->x
0,1,5,-3.7704317569732666,-3.891697645187378
1,3,5,-3.9633586406707764,-4.660758018493652
