,L,nh,x->y,y->x
0,1,5,-2.7446353435516357,-2.800814628601074
1,3,5,-2.713527202606201,-2.6832034587860107
