,L,nh,x->y,y->x
0,1,5,-1.8711984157562256,-1.9329017400741577
1,3,5,-1.840258240699768,-1.8964136838912964
