,L,nh,x->y,y->x
0,1,5,-3.3584353923797607,-3.382723808288574
1,3,5,-4.004403114318848,-4.259856224060059
