,L,nh,x->y,y->x
0,1,5,-3.6360788345336914,-3.446538209915161
1,3,5,-4.0281596183776855,-3.981616258621216
