,L,nh,x->y,y->x
0,1,5,-2.428133964538574,-2.429415225982666
1,3,5,-2.2644498348236084,-2.364809989929199
