,L,nh,x->y,y->x
0,1,5,-3.776606798171997,-3.719449996948242
1,3,5,-4.3780412673950195,-4.141409873962402
