,L,nh,x->y,y->x
0,1,5,-2.682863235473633,-2.657252311706543
1,3,5,-2.4705331325531006,-2.5884251594543457
