,L,nh,x->y,y->x
0,1,5,-3.0868191719055176,-2.9643666744232178
1,3,5,-2.4735796451568604,-1.9026645421981812
