,L,nh,x->y,y->x
0,1,5,-3.646045446395874,-3.499419689178467
1,3,5,-4.050067901611328,-4.0462260246276855
