,L,nh,x->y,y->x
0,1,5,-2.538710355758667,-2.550584077835083
1,3,5,-2.360565662384033,-2.4900624752044678
