,L,nh,x->y,y->x
0,1,5,-3.284304141998291,-3.470249652862549
1,3,5,-3.74678897857666,-4.030034065246582
