,L,nh,x->y,y->x
0,1,5,-3.5511772632598877,-3.327336072921753
1,3,5,-4.033491134643555,-3.764063596725464
