,L,nh,x->y,y->x
0,1,5,-2.7619895935058594,-2.7840609550476074
1,3,5,-2.7254323959350586,-2.753973960876465
