,L,nh,x->y,y->x
0,1,5,-4.200952053070068,-2.8214900493621826
1,3,5,-2.5832107067108154,-3.1147866249084473
