,L,nh,x->y,y->x
0,1,5,-3.9801435470581055,-4.0300679206848145
1,3,5,-4.757359027862549,-4.623324871063232
