,L,nh,x->y,y->x
0,1,5,-3.8855879306793213,-4.709174156188965
1,3,5,-3.744168281555176,-4.444443225860596
