,L,nh,x->y,y->x
0,1,5,-3.610707998275757,-3.6428229808807373
1,3,5,-3.8924012184143066,-4.536196708679199
