,L,nh,x->y,y->x
0,1,5,-2.4233477115631104,-2.438828945159912
1,3,5,-2.27246356010437,-2.3785746097564697
