,L,nh,x->y,y->x
0,1,5,-1.608262538909912,-1.6140189170837402
1,3,5,-1.5347638130187988,-1.5701175928115845
