,L,nh,x->y,y->x
0,1,5,-1.6444491147994995,-1.592147946357727
1,3,5,-0.6518614292144775,0.9355514645576477
