,L,nh,x->y,y->x
0,1,5,-3.23773193359375,-3.1178605556488037
1,3,5,-4.013092041015625,-3.780513048171997
