,L,nh,x->y,y->x
0,1,5,-3.498751401901245,-3.6885881423950195
1,3,5,-3.7199349403381348,-3.8812596797943115
