,L,nh,x->y,y->x
0,1,5,-3.062920570373535,-3.1566126346588135
1,3,5,-2.814743995666504,-3.0496926307678223
