,L,nh,x->y,y->x
0,1,5,-1.9133297204971313,-1.9467941522598267
1,3,5,-1.7823330163955688,-1.808327555656433
