,L,nh,x->y,y->x
0,1,5,-3.632769823074341,-3.5448200702667236
1,3,5,-4.061035633087158,-4.098102569580078
