,L,nh,x->y,y->x
0,1,5,-1.9948441982269287,-2.2632079124450684
1,3,5,-1.6035284996032715,-2.2482199668884277
