,L,nh,x->y,y->x
0,1,5,-3.3111703395843506,-3.2650532722473145
1,3,5,-3.915120840072632,-3.515575885772705
