,L,nh,x->y,y->x
0,1,5,-3.286428213119507,-3.2876720428466797
1,3,5,-3.6960558891296387,-4.439393997192383
