,L,nh,x->y,y->x
0,1,5,-4.367847442626953,-4.239284992218018
1,3,5,-4.79072904586792,-5.3157219886779785
