,L,nh,x->y,y->x
0,1,5,-3.334859848022461,-3.4638683795928955
1,3,5,-3.8812406063079834,-3.420194625854492
