,L,nh,x->y,y->x
0,1,5,-3.434356927871704,-3.439462423324585
1,3,5,-3.819119691848755,-3.822401285171509
