,L,nh,x->y,y->x
0,1,5,-1.5032442808151245,-1.5416123867034912
1,3,5,-1.4191837310791016,-1.4308534860610962
