,L,nh,x->y,y->x
0,1,5,-1.1819950342178345,-1.282239317893982
1,3,5,-0.6524009108543396,-0.7485039234161377
