,L,nh,x->y,y->x
0,1,5,-2.617461681365967,-2.696604013442993
1,3,5,-2.6069161891937256,-2.6826984882354736
