,L,nh,x->y,y->x
0,1,5,-3.7418079376220703,-3.8775880336761475
1,3,5,-4.237884521484375,-4.800047874450684
