,L,nh,x->y,y->x
0,1,5,-3.6452322006225586,-3.5913519859313965
1,3,5,-3.8562092781066895,-3.719015121459961
