,L,nh,x->y,y->x
0,1,5,-2.6543800830841064,-2.6453614234924316
1,3,5,-2.5382421016693115,-2.629291296005249
