,L,nh,x->y,y->x
0,1,5,-5.456636905670166,-3.8733437061309814
1,3,5,-5.126490116119385,-3.6997063159942627
