,L,nh,x->y,y->x
0,1,5,-3.329601287841797,-3.2128398418426514
1,3,5,-3.7397491931915283,-3.563537836074829
