,L,nh,x->y,y->x
0,1,5,-2.9686930179595947,-2.987051248550415
1,3,5,-2.9529550075531006,-2.97624135017395
