,L,nh,x->y,y->x
0,1,5,-3.012341022491455,-2.8504672050476074
1,3,5,-3.6641128063201904,-2.717562437057495
