,L,nh,x->y,y->x
0,1,5,-3.1941490173339844,-3.1129138469696045
1,3,5,-3.268630266189575,-3.251898765563965
