,L,nh,x->y,y->x
0,1,5,-3.2926509380340576,-3.245483160018921
1,3,5,-3.868805408477783,-3.753844738006592
