,L,nh,x->y,y->x
0,1,5,-3.538444757461548,-3.4960997104644775
1,3,5,-4.828409194946289,-3.7300338745117188
