,L,nh,x->y,y->x
0,1,5,-3.354001760482788,-3.2838916778564453
1,3,5,-3.1007003784179688,-2.8860127925872803
