,L,nh,x->y,y->x
0,1,5,-3.637906551361084,-3.544079542160034
1,3,5,-3.667123317718506,-3.5017783641815186
