,L,nh,x->y,y->x
0,1,5,-3.8156588077545166,-3.816833972930908
1,3,5,-4.391518592834473,-4.631865501403809
