,L,nh,x->y,y->x
0,1,5,-3.390687942504883,-3.3597824573516846
1,3,5,-3.9586453437805176,-3.9144508838653564
