,L,nh,x->y,y->x
0,1,5,-3.6206214427948,-3.806206703186035
1,3,5,-3.8245747089385986,-4.621734142303467
