,L,nh,x->y,y->x
0,1,5,-3.620941638946533,-3.4175586700439453
1,3,5,-4.087357044219971,-3.9074249267578125
