,L,nh,x->y,y->x
0,1,5,-3.24459171295166,-3.169339656829834
1,3,5,-3.3625752925872803,-3.284461259841919
