,L,nh,x->y,y->x
0,1,5,-2.0364434719085693,-2.266361713409424
1,3,5,-1.6847718954086304,-2.252652168273926
