,L,nh,x->y,y->x
0,1,5,-2.9082164764404297,-2.972161054611206
1,3,5,-3.3819260597229004,-3.595989465713501
