,L,nh,x->y,y->x
0,1,5,-3.1865522861480713,-3.1528894901275635
1,3,5,-3.25087833404541,-3.389085054397583
