,L,nh,x->y,y->x
0,1,5,-3.6403355598449707,-3.417742967605591
1,3,5,-4.074638366699219,-3.8990955352783203
