,L,nh,x->y,y->x
0,1,5,-3.604212760925293,-3.496220350265503
1,3,5,-4.092538356781006,-4.003528594970703
