,L,nh,x->y,y->x
0,1,5,-3.0516903400421143,-2.9634671211242676
1,3,5,-3.83325457572937,-3.0137908458709717
