,L,nh,x->y,y->x
0,1,5,-4.226786136627197,-4.00349760055542
1,3,5,-4.289012432098389,-4.182888984680176
