,L,nh,x->y,y->x
0,1,5,-3.9008543491363525,-4.056080341339111
1,3,5,-3.934406042098999,-4.09653377532959
