,L,nh,x->y,y->x
0,1,5,-3.6170196533203125,-3.429647207260132
1,3,5,-4.036764144897461,-3.5632641315460205
