,L,nh,x->y,y->x
0,1,5,-3.088361978530884,-3.252978801727295
1,3,5,-3.315232992172241,-3.566423177719116
