,L,nh,x->y,y->x
0,1,5,-2.953300952911377,-3.077684164047241
1,3,5,-3.4280431270599365,-3.5035829544067383
