,L,nh,x->y,y->x
0,1,5,-3.4570322036743164,-3.536120653152466
1,3,5,-3.720782518386841,-4.4862470626831055
