,L,nh,x->y,y->x
0,1,5,-3.865629196166992,-4.060776710510254
1,3,5,-4.328660011291504,-4.434446811676025
