,L,nh,x->y,y->x
0,1,5,-3.0163424015045166,-3.081631898880005
1,3,5,-2.9263901710510254,-3.0535972118377686
