,L,nh,x->y,y->x
0,1,5,-3.1558878421783447,-3.357626438140869
1,3,5,-3.6953721046447754,-3.2087512016296387
