,L,nh,x->y,y->x
0,1,5,-3.6362574100494385,-3.4325382709503174
1,3,5,-4.081747055053711,-3.923257350921631
