,L,nh,x->y,y->x
0,1,5,-1.7989476919174194,-1.8088668584823608
1,3,5,-1.7140692472457886,-1.736018419265747
