,L,nh,x->y,y->x
0,1,5,-3.701173782348633,-4.323537349700928
1,3,5,-3.7961974143981934,-4.643845081329346
