,L,nh,x->y,y->x
0,1,5,-3.8426854610443115,-3.6722166538238525
1,3,5,-3.7421114444732666,-3.3447110652923584
