,L,nh,x->y,y->x
0,1,5,-3.268296480178833,-3.3225748538970947
1,3,5,-3.6090221405029297,-3.689760684967041
