,L,nh,x->y,y->x
0,1,5,-2.97292423248291,-3.0197014808654785
1,3,5,-3.201303005218506,-4.585316181182861
