,L,nh,x->y,y->x
0,1,5,-3.2125625610351562,-3.165848970413208
1,3,5,-3.740727663040161,-3.580115556716919
