,L,nh,x->y,y->x
0,1,5,-3.0170581340789795,-3.1037063598632812
1,3,5,-3.161378860473633,-3.102717638015747
