,L,nh,x->y,y->x
0,1,5,-2.753694772720337,-2.750302791595459
1,3,5,-3.2514259815216064,-2.8333210945129395
