,L,nh,x->y,y->x
0,1,5,-3.8082122802734375,-3.6737093925476074
1,3,5,-4.428244113922119,-4.468674182891846
