,L,nh,x->y,y->x
0,1,5,-3.595989942550659,-3.6675384044647217
1,3,5,-3.890338659286499,-4.403487682342529
