,L,nh,x->y,y->x
0,1,5,-2.5916624069213867,-2.5798707008361816
1,3,5,-2.5513558387756348,-2.6187634468078613
