,L,nh,x->y,y->x
0,1,5,-3.6163387298583984,-3.3978543281555176
1,3,5,-3.949894666671753,-3.925624370574951
