,L,nh,x->y,y->x
0,1,5,-3.528318405151367,-3.536959171295166
1,3,5,-3.189622640609741,-5.9491448402404785
