,L,nh,x->y,y->x
0,1,5,-3.0435585975646973,-3.0447134971618652
1,3,5,-3.0005598068237305,-3.0435073375701904
