,L,nh,x->y,y->x
0,1,5,-2.607684373855591,-2.523606777191162
1,3,5,-2.3226137161254883,-2.479947805404663
