,L,nh,x->y,y->x
0,1,5,-3.807363748550415,-3.939868688583374
1,3,5,-4.410828113555908,-4.411416053771973
