,L,nh,x->y,y->x
0,1,5,-4.213949203491211,-4.350222110748291
1,3,5,-4.27850341796875,-5.244968414306641
