,L,nh,x->y,y->x
0,1,5,-2.343402147293091,-2.352630615234375
1,3,5,-2.2026119232177734,-2.315352201461792
