,L,nh,x->y,y->x
0,1,5,-3.1091513633728027,-3.10312557220459
1,3,5,-2.7394347190856934,-3.1307425498962402
