,L,nh,x->y,y->x
0,1,5,-2.873980760574341,-2.826608419418335
1,3,5,-2.9054508209228516,-3.1898090839385986
