,L,nh,x->y,y->x
0,1,5,-3.6456263065338135,-3.561598062515259
1,3,5,-4.102206707000732,-4.099857807159424
