,L,nh,x->y,y->x
0,1,5,-3.2518889904022217,-3.469986915588379
1,3,5,-3.734971284866333,-4.1333417892456055
