,L,nh,x->y,y->x
0,1,5,-2.4600839614868164,-2.5981547832489014
1,3,5,-2.4577484130859375,-2.794532299041748
