,L,nh,x->y,y->x
0,1,5,-4.207038879394531,-4.326773166656494
1,3,5,-4.277230739593506,-4.1956892013549805
