,L,nh,x->y,y->x
0,1,5,-3.360975742340088,-3.3689961433410645
1,3,5,-3.229928970336914,-3.345336675643921
