,L,nh,x->y,y->x
0,1,5,-3.794971227645874,-3.841200113296509
1,3,5,-4.312352180480957,-4.741502285003662
