,L,nh,x->y,y->x
0,1,5,-2.8821511268615723,-2.9930708408355713
1,3,5,-3.5067203044891357,-3.183823347091675
