,L,nh,x->y,y->x
0,1,5,-3.3476219177246094,-3.1774628162384033
1,3,5,-3.2981925010681152,-3.2219696044921875
