,L,nh,x->y,y->x
0,1,5,-3.345015525817871,-3.466956615447998
1,3,5,-3.5180304050445557,-3.9290354251861572
