,L,nh,x->y,y->x
0,1,5,-2.7799744606018066,-2.8360259532928467
1,3,5,-2.73606014251709,-2.8441550731658936
