,L,nh,x->y,y->x
0,1,5,-1.338150143623352,-1.5325477123260498
1,3,5,-1.2425504922866821,-1.4328371286392212
