,L,nh,x->y,y->x
0,1,5,-1.3646467924118042,-1.4110666513442993
1,3,5,1.030444860458374,1.024549126625061
