,L,nh,x->y,y->x
0,1,5,-3.4527177810668945,-3.4399797916412354
1,3,5,-3.8801462650299072,-3.842233896255493
