,L,nh,x->y,y->x
0,1,5,-3.6409552097320557,-3.487635374069214
1,3,5,-4.066444396972656,-4.034646987915039
