,L,nh,x->y,y->x
0,1,5,-3.4209654331207275,-3.4914357662200928
1,3,5,-3.605309247970581,-4.385708332061768
