,L,nh,x->y,y->x
0,1,5,-3.084097146987915,-3.592240333557129
1,3,5,-3.40544056892395,-3.807027816772461
