,L,nh,x->y,y->x
0,1,5,-3.482433557510376,-3.4679341316223145
1,3,5,-3.3826098442077637,-3.3664793968200684
