,L,nh,x->y,y->x
0,1,5,-3.25244140625,-3.282924175262451
1,3,5,-3.8614518642425537,-3.85318922996521
