,L,nh,x->y,y->x
0,1,5,-2.999168872833252,-3.052440881729126
1,3,5,-3.058544874191284,-3.0634965896606445
