,L,nh,x->y,y->x
0,1,5,-3.356963634490967,-3.2833340167999268
1,3,5,-3.081737518310547,-2.872968912124634
