,L,nh,x->y,y->x
0,1,5,-2.666145086288452,-2.7563722133636475
1,3,5,-2.649400234222412,-2.7452476024627686
