,L,nh,x->y,y->x
0,1,5,-3.042365312576294,-2.986924171447754
1,3,5,-3.3606057167053223,-3.4943463802337646
