,L,nh,x->y,y->x
0,1,5,-3.3249950408935547,-3.2907164096832275
1,3,5,-3.030390977859497,-3.095351219177246
