,L,nh,x->y,y->x
0,1,5,-2.649048328399658,-2.584780216217041
1,3,5,-2.555706739425659,-2.60349178314209
