,L,nh,x->y,y->x
0,1,5,-2.09792423248291,-2.586230516433716
1,3,5,-1.7583178281784058,-2.5787575244903564
