,L,nh,x->y,y->x
0,1,5,-3.947486162185669,-4.437399387359619
1,3,5,-3.8786752223968506,-5.287515640258789
