,L,nh,x->y,y->x
0,1,5,-3.4740986824035645,-3.9245433807373047
1,3,5,-2.869054079055786,-5.020675182342529
