,L,nh,x->y,y->x
0,1,5,-2.894181966781616,-2.922252655029297
1,3,5,-2.860985279083252,-2.970479726791382
