,L,nh,x->y,y->x
0,1,5,-1.9748917818069458,-1.710645079612732
1,3,5,-1.7957383394241333,-2.453110694885254
