,L,nh,x->y,y->x
0,1,5,-2.5797994136810303,-2.5265610218048096
1,3,5,-2.358996868133545,-2.4573380947113037
