,L,nh,x->y,y->x
0,1,5,-3.2712066173553467,-3.1196300983428955
1,3,5,-4.188140392303467,-3.6740944385528564
