,L,nh,x->y,y->x
0,1,5,-3.3510639667510986,-3.552259922027588
1,3,5,-4.15042781829834,-3.995934247970581
