,L,nh,x->y,y->x
0,1,5,-2.8103106021881104,-2.9050559997558594
1,3,5,-3.352742910385132,-3.0572032928466797
