,L,nh,x->y,y->x
0,1,5,-1.2291271686553955,-1.3290473222732544
1,3,5,-0.7211089730262756,-0.8772101402282715
