,L,nh,x->y,y->x
0,1,5,-3.1460633277893066,-3.2616465091705322
1,3,5,-3.3313584327697754,-3.4822041988372803
