,L,nh,x->y,y->x
0,1,5,-3.2453975677490234,-3.244364023208618
1,3,5,-3.8759028911590576,-3.7481274604797363
