,L,nh,x->y,y->x
0,1,5,-3.9914581775665283,-4.440965175628662
1,3,5,-3.9681143760681152,-5.218348026275635
