,L,nh,x->y,y->x
0,1,5,-3.220613718032837,-3.3362464904785156
1,3,5,-4.970794200897217,-3.4633727073669434
