,L,nh,x->y,y->x
0,1,5,-3.6576623916625977,-3.461858034133911
1,3,5,-4.032870292663574,-3.982682943344116
