,L,nh,x->y,y->x
0,1,5,-2.994138717651367,-3.127608060836792
1,3,5,-3.4909732341766357,-3.546206474304199
