,L,nh,x->y,y->x
0,1,5,-3.136812210083008,-3.362539529800415
1,3,5,-3.389918804168701,-3.880571126937866
