,L,nh,x->y,y->x
0,1,5,-1.8493403196334839,-1.4020159244537354
1,3,5,-1.57327401638031,-2.0300776958465576
