,L,nh,x->y,y->x
0,1,5,-3.12884521484375,-3.156158685684204
1,3,5,-3.1514182090759277,-3.3513946533203125
