,L,nh,x->y,y->x
0,1,5,-3.303102970123291,-3.3799264430999756
1,3,5,-3.5978634357452393,-3.7616379261016846
