,L,nh,x->y,y->x
0,1,5,-3.1286683082580566,-3.280134677886963
1,3,5,-3.2621114253997803,-3.6722006797790527
