,L,nh,x->y,y->x
0,1,5,-3.228546142578125,-3.148672342300415
1,3,5,-3.2947003841400146,-3.3349313735961914
