,L,nh,x->y,y->x
0,1,5,-2.465378522872925,-2.4937217235565186
1,3,5,-2.3533689975738525,-2.4512994289398193
