,L,nh,x->y,y->x
0,1,5,-3.5761215686798096,-3.569011688232422
1,3,5,-4.218434810638428,-4.041787147521973
