,L,nh,x->y,y->x
0,1,5,-3.0012974739074707,-3.02294921875
1,3,5,-3.0533697605133057,-3.0573060512542725
