,L,nh,x->y,y->x
0,1,5,-2.9870407581329346,-3.075538158416748
1,3,5,-3.5274815559387207,-3.734208345413208
