,L,nh,x->y,y->x
0,1,5,-2.5270979404449463,-2.5371665954589844
1,3,5,-2.4900004863739014,-2.5496671199798584
