,L,nh,x->y,y->x
0,1,5,-2.860407590866089,-2.862971544265747
1,3,5,-2.8350062370300293,-2.8407886028289795
