,L,nh,x->y,y->x
0,1,5,-2.4278953075408936,-2.430067539215088
1,3,5,-2.2489898204803467,-2.3787996768951416
