,L,nh,x->y,y->x
0,1,5,-2.887028217315674,-2.862497568130493
1,3,5,-2.86216402053833,-2.8470633029937744
