,L,nh,x->y,y->x
0,1,5,-3.579989194869995,-3.5046639442443848
1,3,5,-4.147941589355469,-4.022238254547119
