,L,nh,x->y,y->x
0,1,5,-2.767199993133545,-2.7736191749572754
1,3,5,-2.61598539352417,-2.6572842597961426
