,L,nh,x->y,y->x
0,1,5,-2.8283653259277344,-2.8559815883636475
1,3,5,-2.736644744873047,-2.78055477142334
