,L,nh,x->y,y->x
0,1,5,-3.542886734008789,-3.345238447189331
1,3,5,-4.02145528793335,-3.861285448074341
