,L,nh,x->y,y->x
0,1,5,-3.520036220550537,-3.37215256690979
1,3,5,-4.435428619384766,-3.6345298290252686
