,L,nh,x->y,y->x
0,1,5,-3.5921053886413574,-3.4450583457946777
1,3,5,-4.004509925842285,-4.01765775680542
