,L,nh,x->y,y->x
0,1,5,-3.8509738445281982,-3.966036319732666
1,3,5,-4.561183929443359,-4.544098854064941
