,L,nh,x->y,y->x
0,1,5,-4.344681262969971,-4.206745624542236
1,3,5,-4.374203205108643,-4.208861351013184
