,L,nh,x->y,y->x
0,1,5,-2.0909056663513184,-2.3691275119781494
1,3,5,-1.6600539684295654,-2.3514320850372314
