,L,nh,x->y,y->x
0,1,5,-3.6366448402404785,-3.7910659313201904
1,3,5,-3.8111391067504883,-4.649036407470703
