,L,nh,x->y,y->x
0,1,5,-3.5822441577911377,-3.5410101413726807
1,3,5,-4.7524919509887695,-3.9542043209075928
