,L,nh,x->y,y->x
0,1,5,-3.3801469802856445,-3.279874563217163
1,3,5,-3.851145029067993,-3.6439430713653564
