,L,nh,x->y,y->x
0,1,5,-2.304971694946289,-2.694385528564453
1,3,5,-2.0650641918182373,-2.688912868499756
