,L,nh,x->y,y->x
0,1,5,-3.6790359020233154,-3.846069812774658
1,3,5,-3.9226882457733154,-4.677982330322266
