,L,nh,x->y,y->x
0,1,5,-2.9303455352783203,-3.007974147796631
1,3,5,-3.103316068649292,-4.888586521148682
