,L,nh,x->y,y->x
0,1,5,-3.5128109455108643,-3.5305428504943848
1,3,5,-4.225002288818359,-3.96268892288208
