,L,nh,x->y,y->x
0,1,5,-3.6118056774139404,-3.5051193237304688
1,3,5,-4.092448711395264,-4.010570049285889
