,L,nh,x->y,y->x
0,1,5,-3.0355844497680664,-3.079423666000366
1,3,5,-3.0303566455841064,-3.211329221725464
