,L,nh,x->y,y->x
0,1,5,-2.531822919845581,-2.49603009223938
1,3,5,-2.2888050079345703,-2.4227454662323
