,L,nh,x->y,y->x
0,1,5,-2.8967413902282715,-3.1236324310302734
1,3,5,-2.918651819229126,-3.172180652618408
