,L,nh,x->y,y->x
0,1,5,-2.954968214035034,-3.0224831104278564
1,3,5,-2.924320936203003,-2.97961688041687
