,L,nh,x->y,y->x
0,1,5,-2.8238441944122314,-2.8758862018585205
1,3,5,-2.747086763381958,-2.8386943340301514
