,L,nh,x->y,y->x
0,1,5,-3.4830949306488037,-3.2340145111083984
1,3,5,-3.9529929161071777,-3.6534242630004883
