,L,nh,x->y,y->x
0,1,5,-4.437196731567383,-4.252075672149658
1,3,5,-4.886987209320068,-5.321284294128418
