,L,nh,x->y,y->x
0,1,5,-2.482743978500366,-2.500974178314209
1,3,5,-2.362187385559082,-2.4252917766571045
