,L,nh,x->y,y->x
0,1,5,-2.863088846206665,-2.9739153385162354
1,3,5,-2.9980623722076416,-3.141845464706421
