,L,nh,x->y,y->x
0,1,5,-2.8172664642333984,-2.824781894683838
1,3,5,-2.715963840484619,-2.868147134780884
