,L,nh,x->y,y->x
0,1,5,-3.8879594802856445,-3.7799811363220215
1,3,5,-4.527673721313477,-4.240673065185547
