,L,nh,x->y,y->x
0,1,5,-1.9313286542892456,-1.9502272605895996
1,3,5,-1.8251832723617554,-1.8460839986801147
