,L,nh,x->y,y->x
0,1,5,-2.630169630050659,-3.0254204273223877
1,3,5,-2.609778642654419,-3.002124309539795
