,L,nh,x->y,y->x
0,1,5,-1.5088423490524292,-1.5068923234939575
1,3,5,-1.4381085634231567,-1.3829889297485352
