,L,nh,x->y,y->x
0,1,5,-3.184955596923828,-3.1387434005737305
1,3,5,-2.64229154586792,-3.2008166313171387
