,L,nh,x->y,y->x
0,1,5,-3.5331528186798096,-3.5030128955841064
1,3,5,-4.088790416717529,-4.049083709716797
