,L,nh,x->y,y->x
0,1,5,-3.2150909900665283,-3.2456846237182617
1,3,5,-3.1620638370513916,-3.207897901535034
