,L,nh,x->y,y->x
0,1,5,-2.8382277488708496,-2.845961809158325
1,3,5,-2.7661941051483154,-2.8314080238342285
