,L,nh,x->y,y->x
0,1,5,-3.233663558959961,-3.129166603088379
1,3,5,-3.5572774410247803,-3.486663579940796
