,L,nh,x->y,y->x
0,1,5,-3.209520101547241,-3.0793752670288086
1,3,5,-4.088953971862793,-2.9259724617004395
