,L,nh,x->y,y->x
0,1,5,-2.439073085784912,-2.4189648628234863
1,3,5,-2.25685453414917,-2.375739812850952
