,L,nh,x->y,y->x
0,1,5,-0.8786316514015198,-0.8578441143035889
1,3,5,-0.5906897783279419,-0.6065241098403931
