,L,nh,x->y,y->x
0,1,5,-3.252551317214966,-3.4019935131073
1,3,5,-3.331275701522827,-3.499326467514038
