,L,nh,x->y,y->x
0,1,5,-2.6439685821533203,-2.6613686084747314
1,3,5,-2.6281025409698486,-2.6478939056396484
