,L,nh,x->y,y->x
0,1,5,-3.2274746894836426,-3.2738194465637207
1,3,5,-3.3633694648742676,-3.580275535583496
