,L,nh,x->y,y->x
0,1,5,-2.526425838470459,-2.532442331314087
1,3,5,-2.455024003982544,-2.485259532928467
