,L,nh,x->y,y->x
0,1,5,-3.0709993839263916,-3.2265076637268066
1,3,5,-3.120483160018921,-3.1521546840667725
