,L,nh,x->y,y->x
0,1,5,-3.03611421585083,-3.0855443477630615
1,3,5,-3.109168767929077,-3.101595163345337
