,L,nh,x->y,y->x
0,1,5,-2.6167187690734863,-2.633772373199463
1,3,5,-2.422346830368042,-2.5626869201660156
