,L,nh,x->y,y->x
0,1,5,-1.9050699472427368,-1.891798973083496
1,3,5,-1.7537658214569092,-1.723558783531189
