,L,nh,x->y,y->x
0,1,5,-2.6875696182250977,-2.723212242126465
1,3,5,-2.6202378273010254,-2.7161974906921387
