,L,nh,x->y,y->x
0,1,5,-2.8463659286499023,-2.84130597114563
1,3,5,-2.8167381286621094,-2.8320088386535645
