,L,nh,x->y,y->x
0,1,5,-2.9610955715179443,-2.9934587478637695
1,3,5,-3.0092523097991943,-3.0372869968414307
