,L,nh,x->y,y->x
0,1,5,-1.6100012063980103,-1.6396840810775757
1,3,5,0.6705708503723145,0.6443964242935181
