,L,nh,x->y,y->x
0,1,5,-3.31776762008667,-3.369722843170166
1,3,5,-3.6416995525360107,-3.7431671619415283
