,L,nh,x->y,y->x
0,1,5,-2.5213449001312256,-2.5022778511047363
1,3,5,-2.3218302726745605,-2.416050434112549
