,L,nh,x->y,y->x
0,1,5,-6.3310699462890625,-6.479406356811523
1,3,5,-6.268980503082275,-6.316807270050049
