,L,nh,x->y,y->x
0,1,5,-2.6847352981567383,-2.702975034713745
1,3,5,-2.690984010696411,-2.718134641647339
