,L,nh,x->y,y->x
0,1,5,-3.653881788253784,-3.451732873916626
1,3,5,-4.060036659240723,-3.975095272064209
