,L,nh,x->y,y->x
0,1,5,-2.895885467529297,-2.912548065185547
1,3,5,-2.821474075317383,-2.9033024311065674
