,L,nh,x->y,y->x
0,1,5,-3.662749767303467,-3.6744282245635986
1,3,5,-3.2002816200256348,-6.105244159698486
