,L,nh,x->y,y->x
0,1,5,-3.029630422592163,-3.5803558826446533
1,3,5,-3.2886722087860107,-3.8245646953582764
