,L,nh,x->y,y->x
0,1,5,-3.467900037765503,-3.466704845428467
1,3,5,-3.4999232292175293,-3.5157721042633057
