,L,nh,x->y,y->x
0,1,5,-3.6386687755584717,-3.5197203159332275
1,3,5,-4.071558475494385,-4.060436248779297
