,L,nh,x->y,y->x
0,1,5,-4.072325706481934,-4.059808731079102
1,3,5,-4.751405715942383,-4.786081790924072
