,L,nh,x->y,y->x
0,1,5,-2.52316951751709,-2.558964490890503
1,3,5,-2.5557544231414795,-2.557708978652954
