,L,nh,x->y,y->x
0,1,5,-3.8566057682037354,-3.7400851249694824
1,3,5,-4.451797962188721,-4.168553829193115
