,L,nh,x->y,y->x
0,1,5,-2.089329957962036,-2.568730354309082
1,3,5,-1.7803395986557007,-2.5579936504364014
