,L,nh,x->y,y->x
0,1,5,-3.5624568462371826,-3.3121509552001953
1,3,5,-4.008335590362549,-3.745938539505005
