,L,nh,x->y,y->x
0,1,5,-3.233708381652832,-3.4016518592834473
1,3,5,-3.2748286724090576,-3.578773021697998
