,L,nh,x->y,y->x
0,1,5,-3.2092273235321045,-3.2227678298950195
1,3,5,-3.3887977600097656,-3.5489566326141357
