,L,nh,x->y,y->x
0,1,5,-3.4300944805145264,-3.207578420639038
1,3,5,-3.3275105953216553,-3.161285638809204
