,L,nh,x->y,y->x
0,1,5,-4.395886421203613,-4.516517639160156
1,3,5,-4.381159782409668,-4.494631290435791
