,L,nh,x->y,y->x
0,1,5,-1.779889702796936,-1.808782935142517
1,3,5,-1.6777818202972412,-1.6801561117172241
