,L,nh,x->y,y->x
0,1,5,-3.5318260192871094,-3.400649070739746
1,3,5,-4.297722816467285,-3.882826328277588
