,L,nh,x->y,y->x
0,1,5,-3.198749542236328,-3.158808708190918
1,3,5,-4.637004375457764,-3.1263020038604736
