,L,nh,x->y,y->x
0,1,5,-2.435215473175049,-2.434079170227051
1,3,5,-2.290522575378418,-2.38228440284729
