,L,nh,x->y,y->x
0,1,5,-3.7880616188049316,-3.9502460956573486
1,3,5,-4.024514675140381,-4.623644828796387
