,L,nh,x->y,y->x
0,1,5,-2.971888780593872,-2.87600040435791
1,3,5,-3.566927671432495,-2.7302169799804688
