,L,nh,x->y,y->x
0,1,5,-1.7777864933013916,-1.7717187404632568
1,3,5,-1.6794922351837158,-1.6103764772415161
