,L,nh,x->y,y->x
0,1,5,-2.18923020362854,-1.9909403324127197
1,3,5,-2.031877040863037,-2.4489307403564453
