,L,nh,x->y,y->x
0,1,5,-3.5924289226531982,-3.4562230110168457
1,3,5,-3.9939358234405518,-4.026913642883301
