,L,nh,x->y,y->x
0,1,5,-3.2494678497314453,-3.250053882598877
1,3,5,-3.263981580734253,-3.271030902862549
