,L,nh,x->y,y->x
0,1,5,-4.745497226715088,-4.827163219451904
1,3,5,-4.738346099853516,-4.614961624145508
