,L,nh,x->y,y->x
0,1,5,-2.6337952613830566,-2.6928610801696777
1,3,5,-2.6394197940826416,-2.919088363647461
