,L,nh,x->y,y->x
0,1,5,-3.787249803543091,-4.318368434906006
1,3,5,-3.8940677642822266,-4.446588516235352
