,L,nh,x->y,y->x
0,1,5,-4.085200786590576,-4.1131672859191895
1,3,5,-4.655348777770996,-4.815853595733643
