,L,nh,x->y,y->x
0,1,5,-3.567786931991577,-3.572380781173706
1,3,5,-4.128851413726807,-4.117983341217041
