,L,nh,x->y,y->x
0,1,5,-2.5135862827301025,-2.485286235809326
1,3,5,-2.2625277042388916,-2.4192259311676025
