,L,nh,x->y,y->x
0,1,5,-3.774125337600708,-4.948967933654785
1,3,5,-3.7026805877685547,-4.941582202911377
