,L,nh,x->y,y->x
0,1,5,-3.0969083309173584,-3.2807421684265137
1,3,5,-3.129225730895996,-3.2981882095336914
