,L,nh,x->y,y->x
0,1,5,-2.5400688648223877,-2.90919828414917
1,3,5,-2.4958384037017822,-2.903331756591797
