,L,nh,x->y,y->x
0,1,5,-3.300493001937866,-3.370823621749878
1,3,5,-3.6871259212493896,-3.8922441005706787
