,L,nh,x->y,y->x
0,1,5,-2.655069351196289,-2.669987440109253
1,3,5,-2.6506690979003906,-2.6814396381378174
