,L,nh,x->y,y->x
0,1,5,-3.305633306503296,-3.3535103797912598
1,3,5,-3.6317243576049805,-3.729912519454956
