,L,nh,x->y,y->x
0,1,5,-4.098812103271484,-4.05634880065918
1,3,5,-4.76577091217041,-4.793586730957031
