,L,nh,x->y,y->x
0,1,5,-3.7027924060821533,-3.5825703144073486
1,3,5,-4.795874118804932,-4.0678205490112305
