,L,nh,x->y,y->x
0,1,5,-2.83038592338562,-3.0357160568237305
1,3,5,-2.9903175830841064,-3.1807267665863037
