,L,nh,x->y,y->x
0,1,5,-3.156909704208374,-3.0165250301361084
1,3,5,-4.302911758422852,-2.907041549682617
