,L,nh,x->y,y->x
0,1,5,-2.5444960594177246,-2.57942533493042
1,3,5,-2.408008337020874,-2.525254726409912
