,L,nh,x->y,y->x
0,1,5,-2.731405258178711,-2.691286563873291
1,3,5,-2.6577162742614746,-3.095954656600952
