,L,nh,x->y,y->x
0,1,5,-1.823891282081604,-1.894277811050415
1,3,5,-1.7922379970550537,-1.8546556234359741
