,L,nh,x->y,y->x
0,1,5,-1.8876663446426392,-1.9288849830627441
1,3,5,-1.8621474504470825,-1.8909649848937988
