,L,nh,x->y,y->x
0,1,5,-5.625728130340576,-3.885510206222534
1,3,5,-4.891800880432129,-3.803997278213501
