,L,nh,x->y,y->x
0,1,5,-3.2825822830200195,-3.2628414630889893
1,3,5,-3.899474620819092,-3.779959201812744
