,L,nh,x->y,y->x
0,1,5,-2.9863662719726562,-2.989018440246582
1,3,5,-2.4713869094848633,-2.6882553100585938
