,L,nh,x->y,y->x
0,1,5,-5.2032856941223145,-3.9648470878601074
1,3,5,-4.649411678314209,-3.787224292755127
