,L,nh,x->y,y->x
0,1,5,-5.296623706817627,-5.3488945960998535
1,3,5,-5.204768180847168,-5.3179121017456055
