,L,nh,x->y,y->x
0,1,5,-3.5149574279785156,-3.3899788856506348
1,3,5,-4.22224760055542,-4.01768684387207
