,L,nh,x->y,y->x
0,1,5,-3.1645705699920654,-3.0180768966674805
1,3,5,-3.895963191986084,-2.8304216861724854
