,L,nh,x->y,y->x
0,1,5,-2.4469358921051025,-2.5255544185638428
1,3,5,-2.439328193664551,-2.5191879272460938
