,L,nh,x->y,y->x
0,1,5,-2.636979579925537,-2.6482656002044678
1,3,5,-2.4514541625976562,-2.5785508155822754
