,L,nh,x->y,y->x
0,1,5,-3.6394176483154297,-3.56069278717041
1,3,5,-4.0809245109558105,-4.115769863128662
