,L,nh,x->y,y->x
0,1,5,-2.5410401821136475,-2.5097336769104004
1,3,5,-2.335275650024414,-2.412358283996582
