,L,nh,x->y,y->x
0,1,5,-1.9714021682739258,-1.9143402576446533
1,3,5,-1.1680810451507568,-0.3197857439517975
