,L,nh,x->y,y->x
0,1,5,-2.2011260986328125,-1.6524643898010254
1,3,5,-1.546666145324707,-1.859714150428772
