,L,nh,x->y,y->x
0,1,5,-4.1630377769470215,-4.493720531463623
1,3,5,-4.208665370941162,-5.090648651123047
