,L,nh,x->y,y->x
0,1,5,-3.0234944820404053,-3.0269293785095215
1,3,5,-2.9970319271087646,-2.905437469482422
