,L,nh,x->y,y->x
0,1,5,-3.0383172035217285,-3.066607713699341
1,3,5,-3.0841832160949707,-2.9681553840637207
