,L,nh,x->y,y->x
0,2,4,-3.9156494140625,-3.630331039428711
