,L,nh,x->y,y->x
0,1,5,-4.505570411682129,-4.484690189361572
