,L,nh,x->y,y->x
0,2,4,-4.348377227783203,-4.3001484870910645
