,L,nh,x->y,y->x
0,2,4,-2.7288808822631836,-2.657033681869507
