,L,nh,x->y,y->x
0,2,4,-3.8711800575256348,-4.146843433380127
