,L,nh,x->y,y->x
0,2,4,-2.5438735485076904,-2.6011128425598145
