,L,nh,x->y,y->x
0,2,4,-3.8083417415618896,-4.207836151123047
