,L,nh,x->y,y->x
0,2,4,-3.6843366622924805,-3.9433510303497314
