,L,nh,x->y,y->x
0,2,4,-3.6901421546936035,-3.486049175262451
