,L,nh,x->y,y->x
0,2,4,-3.3010261058807373,-3.893172264099121
