,L,nh,x->y,y->x
0,2,4,-3.2485127449035645,-3.8191967010498047
