,L,nh,x->y,y->x
0,2,4,-3.815870761871338,-4.090225696563721
