,L,nh,x->y,y->x
0,2,4,-4.945766448974609,-4.717911243438721
