,L,nh,x->y,y->x
0,2,4,-3.8170664310455322,-4.218986988067627
