,L,nh,x->y,y->x
0,1,5,-3.85736083984375,-3.8486247062683105
