,L,nh,x->y,y->x
0,2,4,-4.474900245666504,-3.2846789360046387
