,L,nh,x->y,y->x
0,2,4,-3.819631576538086,-3.5867421627044678
