,L,nh,x->y,y->x
0,2,4,-4.178125858306885,-3.42063307762146
