,L,nh,x->y,y->x
0,2,4,-4.037660598754883,-4.257009983062744
