,L,nh,x->y,y->x
0,2,4,-2.8839380741119385,-3.1395533084869385
