,L,nh,x->y,y->x
0,1,18,-4.729043960571289,-4.809123516082764
1,1,24,-8.98321533203125,-8.065043449401855
2,2,18,-4.373926639556885,-4.357062339782715
3,2,24,-3.5887274742126465,-3.643554925918579
4,3,18,-4.999146461486816,-4.964461803436279
5,3,24,-11.159226417541504,-10.203593254089355
