,L,nh,x->y,y->x
0,2,4,-5.254069805145264,-4.48234224319458
