,L,nh,x->y,y->x
0,2,4,-2.4425575733184814,-2.4949138164520264
