,L,nh,x->y,y->x
0,2,4,-4.071488380432129,-4.230375289916992
