,L,nh,x->y,y->x
0,2,4,-4.0480756759643555,-4.068160533905029
