,L,nh,x->y,y->x
0,2,4,-3.64203143119812,-4.311173439025879
