,L,nh,x->y,y->x
0,1,5,-4.4830193519592285,-4.259007930755615
