,L,nh,x->y,y->x
0,1,5,-4.499058723449707,-4.471669673919678
