,L,nh,x->y,y->x
0,1,5,-4.268050670623779,-4.265183448791504
