,L,nh,x->y,y->x
0,2,4,-4.251871109008789,-3.9407904148101807
