,L,nh,x->y,y->x
0,2,4,-4.339448928833008,-3.2915148735046387
