,L,nh,x->y,y->x
0,1,18,-5.000615119934082,-5.0684099197387695
1,1,24,-9.855743408203125,-8.132553100585938
2,2,18,-4.509489059448242,-4.951346397399902
3,2,24,-3.1943209171295166,-3.73702335357666
4,3,18,-5.636404037475586,-5.473806381225586
5,3,24,-11.892891883850098,-9.966680526733398
