,L,nh,x->y,y->x
0,2,4,-2.734755754470825,-3.031273603439331
