,L,nh,x->y,y->x
0,2,4,-2.5100388526916504,-2.745617628097534
