,L,nh,x->y,y->x
0,2,4,-3.3206844329833984,-4.575595378875732
