,L,nh,x->y,y->x
0,1,18,-4.716793537139893,-4.850327968597412
1,1,24,-10.698633193969727,-9.963500022888184
2,2,18,-4.427134990692139,-4.342478275299072
3,2,24,-11.869117736816406,-28.85017967224121
4,3,18,-4.807161331176758,-4.8657050132751465
5,3,24,-16.07243537902832,-14.679315567016602
