,L,nh,x->y,y->x
0,2,4,-3.904064416885376,-4.225721836090088
