,L,nh,x->y,y->x
0,1,18,-5.03278112411499,-5.3522844314575195
1,1,24,-13.623147964477539,-10.927926063537598
2,2,18,-4.7565507888793945,-4.717500686645508
3,2,24,-4.58760929107666,-4.5312981605529785
4,3,18,-5.5094404220581055,-5.326618671417236
5,3,24,-16.235857009887695,-11.857346534729004
