,L,nh,x->y,y->x
0,2,4,-2.4284560680389404,-2.478175163269043
