,L,nh,x->y,y->x
0,1,5,-4.587412357330322,-4.623490810394287
