,L,nh,x->y,y->x
0,2,4,-4.060733795166016,-4.102358818054199
