,L,nh,x->y,y->x
0,2,4,-4.215475082397461,-3.970574140548706
