,L,nh,x->y,y->x
0,2,4,-3.706679344177246,-3.3177456855773926
