,L,nh,x->y,y->x
0,2,4,-3.7582507133483887,-4.045280933380127
