,L,nh,x->y,y->x
0,2,4,-1.1525264978408813,-1.6524174213409424
