,L,nh,x->y,y->x
0,2,4,-4.304483413696289,-4.144054889678955
