,L,nh,x->y,y->x
0,2,4,-2.5176165103912354,-2.5723187923431396
