,L,nh,x->y,y->x
0,2,4,-2.2648134231567383,-2.3274190425872803
