,L,nh,x->y,y->x
0,2,4,-2.3123044967651367,-2.398397207260132
