,L,nh,x->y,y->x
0,2,4,-2.914841890335083,-3.7877607345581055
