,L,nh,x->y,y->x
0,2,4,-3.8547370433807373,-3.5046463012695312
