,L,nh,x->y,y->x
0,2,4,-5.16217565536499,-4.240230083465576
