,L,nh,x->y,y->x
0,2,4,-3.139979124069214,-3.1034810543060303
