,L,nh,x->y,y->x
0,2,4,-4.096883773803711,-4.2253923416137695
