,L,nh,x->y,y->x
0,2,4,-3.3621394634246826,-3.786228656768799
