,L,nh,x->y,y->x
0,2,4,-2.0694382190704346,-2.0678749084472656
