,L,nh,x->y,y->x
0,2,4,-2.354769229888916,-2.4169318675994873
