,L,nh,x->y,y->x
0,2,4,-3.907297134399414,-4.089119911193848
