,L,nh,x->y,y->x
0,2,4,-3.1293623447418213,-4.049520015716553
