,L,nh,x->y,y->x
0,2,4,-2.5754740238189697,-2.676013231277466
