,L,nh,x->y,y->x
0,2,4,-3.2880187034606934,-3.2649497985839844
