,L,nh,x->y,y->x
0,2,4,-3.0472662448883057,-3.294023275375366
