,L,nh,x->y,y->x
0,2,4,-2.268597364425659,-2.2700934410095215
