,L,nh,x->y,y->x
0,2,4,-4.10110330581665,-4.241146087646484
