,L,nh,x->y,y->x
0,2,4,-3.7052159309387207,-3.9043431282043457
