,L,nh,x->y,y->x
0,2,4,-3.2072317600250244,-3.268097400665283
