,L,nh,x->y,y->x
0,2,4,-3.059568166732788,-3.0257046222686768
