,L,nh,x->y,y->x
0,2,4,-3.3116261959075928,-3.747161865234375
