,L,nh,x->y,y->x
0,2,4,-3.914203405380249,-4.102210521697998
