,L,nh,x->y,y->x
0,2,4,-2.6157498359680176,-2.9321343898773193
