,L,nh,x->y,y->x
0,2,4,-4.601937770843506,-4.461178302764893
