,L,nh,x->y,y->x
0,2,4,-3.74985408782959,-3.685972213745117
