,L,nh,x->y,y->x
0,2,4,-4.0296807289123535,-4.003446102142334
