,L,nh,x->y,y->x
0,2,4,-2.4646403789520264,-2.5411267280578613
