,L,nh,x->y,y->x
0,2,4,-3.9662845134735107,-3.8549513816833496
