,L,nh,x->y,y->x
0,2,4,-4.408288955688477,-3.285867691040039
