,L,nh,x->y,y->x
0,2,4,-2.346158027648926,-2.4153599739074707
