,L,nh,x->y,y->x
0,2,4,-5.470019817352295,-4.609745025634766
