,L,nh,x->y,y->x
0,2,4,-3.873602867126465,-5.24482536315918
