,L,nh,x->y,y->x
0,2,4,-4.957001209259033,-4.868561744689941
