,L,nh,x->y,y->x
0,2,4,-2.5084054470062256,-2.524585485458374
