,L,nh,x->y,y->x
0,2,4,-3.756500244140625,-4.285613536834717
