,L,nh,x->y,y->x
0,2,4,-3.9222681522369385,-3.617971420288086
