,L,nh,x->y,y->x
0,2,4,-4.553356647491455,-3.5141830444335938
