,L,nh,x->y,y->x
0,2,4,-2.4436419010162354,-2.4847121238708496
