,L,nh,x->y,y->x
0,2,4,-3.356239080429077,-4.371524333953857
