,L,nh,x->y,y->x
0,2,4,-3.1976263523101807,-3.79280424118042
