,L,nh,x->y,y->x
0,2,4,-3.411052703857422,-3.331810712814331
