,L,nh,x->y,y->x
0,2,4,-2.572737455368042,-2.6270313262939453
