,L,nh,x->y,y->x
0,2,4,-3.0498111248016357,-3.109349012374878
