,L,nh,x->y,y->x
0,2,4,-1.537569522857666,-1.5340521335601807
