,L,nh,x->y,y->x
0,2,4,-3.581935405731201,-4.302371501922607
