,L,nh,x->y,y->x
0,1,5,-2.761082887649536,-2.7003231048583984
