,L,nh,x->y,y->x
0,2,4,-3.8456549644470215,-4.0703511238098145
