,L,nh,x->y,y->x
0,2,4,-3.285423994064331,-3.698024034500122
