,L,nh,x->y,y->x
0,1,18,-4.956666946411133,-4.9544572830200195
1,1,24,-8.977556228637695,-8.715286254882812
2,2,18,-4.486760139465332,-4.549217700958252
3,2,24,-2.890141725540161,-2.924776792526245
4,3,18,-5.429409980773926,-5.424985885620117
5,3,24,-12.059150695800781,-11.763046264648438
