,L,nh,x->y,y->x
0,1,18,-2.9557008743286133,-3.4109325408935547
1,1,24,-3.1524131298065186,-4.100596904754639
2,2,18,-2.1324596405029297,-2.6146864891052246
3,2,24,-1.851354718208313,-2.58115291595459
4,3,18,-2.104118824005127,-2.617152690887451
5,3,24,-2.774134635925293,-3.2086775302886963
