,L,nh,x->y,y->x
0,2,4,-2.557905912399292,-2.8541460037231445
