,L,nh,x->y,y->x
0,2,4,-3.3297905921936035,-3.9507408142089844
