,L,nh,x->y,y->x
0,2,4,-1.8514972925186157,-1.9491796493530273
