,L,nh,x->y,y->x
0,2,4,-4.076234817504883,-4.265065670013428
