,L,nh,x->y,y->x
0,2,4,-3.6307907104492188,-3.0867362022399902
