,L,nh,x->y,y->x
0,2,4,-2.312654733657837,-2.3749029636383057
