,L,nh,x->y,y->x
0,2,4,-4.448845863342285,-3.3255646228790283
