,L,nh,x->y,y->x
0,1,5,-2.8207762241363525,-2.907832384109497
