,L,nh,x->y,y->x
0,2,4,-4.968278408050537,-5.6713361740112305
