,L,nh,x->y,y->x
0,2,4,-3.6378448009490967,-4.318846702575684
