,L,nh,x->y,y->x
0,2,4,-4.2446112632751465,-4.1405110359191895
