,L,nh,x->y,y->x
0,2,4,-2.0598795413970947,-2.111865758895874
