,L,nh,x->y,y->x
0,2,4,-3.80352783203125,-4.002369403839111
