,L,nh,x->y,y->x
0,1,18,-4.6718573570251465,-4.658578872680664
1,1,24,-7.039621829986572,-7.174757957458496
2,2,18,-4.375068664550781,-4.42069149017334
3,2,24,-3.1932058334350586,-3.367990732192993
4,3,18,-5.134742259979248,-5.099541187286377
5,3,24,-9.209556579589844,-9.856405258178711
