,L,nh,x->y,y->x
0,2,4,-3.78833270072937,-3.930302143096924
