,L,nh,x->y,y->x
0,2,4,-4.657236099243164,-3.573801279067993
