,L,nh,x->y,y->x
0,2,4,-3.7715373039245605,-3.511861801147461
