,L,nh,x->y,y->x
0,2,4,-2.389526128768921,-3.0207128524780273
