,L,nh,x->y,y->x
0,2,4,-3.839031934738159,-4.316235542297363
