,L,nh,x->y,y->x
0,2,4,-3.7499821186065674,-3.6253559589385986
