,L,nh,x->y,y->x
0,2,4,-3.7074456214904785,-3.5767128467559814
