,L,nh,x->y,y->x
0,2,4,-2.7338242530822754,-2.8177576065063477
