,L,nh,x->y,y->x
0,1,18,-3.374082565307617,-3.537956953048706
1,1,24,-4.228122711181641,-4.031428813934326
2,2,18,-4.361159324645996,-4.408057689666748
3,2,24,-4.3540873527526855,-4.605395317077637
4,3,18,-4.370367527008057,-4.4482502937316895
5,3,24,-4.585960388183594,-4.827205657958984
