,L,nh,x->y,y->x
0,2,4,-5.356003761291504,-4.405255317687988
