,L,nh,x->y,y->x
0,2,4,-4.032057762145996,-4.133077144622803
