,L,nh,x->y,y->x
0,2,4,-3.799436092376709,-3.627936840057373
