,L,nh,x->y,y->x
0,2,4,-3.4041748046875,-3.3222484588623047
