,L,nh,x->y,y->x
0,2,4,-3.936570405960083,-4.224414825439453
