,L,nh,x->y,y->x
0,2,4,-4.050152778625488,-4.100663185119629
