,L,nh,x->y,y->x
0,2,4,-2.6250338554382324,-2.657423257827759
