,L,nh,x->y,y->x
0,1,5,-4.36659049987793,-4.636842250823975
