,L,nh,x->y,y->x
0,2,4,-3.5446126461029053,-3.3231422901153564
