,L,nh,x->y,y->x
0,2,4,-6.435682773590088,-6.272129535675049
