,L,nh,x->y,y->x
0,2,4,-4.15615701675415,-4.204166889190674
