,L,nh,x->y,y->x
0,1,5,-4.465806484222412,-4.487649917602539
