,L,nh,x->y,y->x
0,2,4,-4.476742744445801,-3.539069890975952
