,L,nh,x->y,y->x
0,2,4,-3.735874891281128,-3.626330852508545
