,L,nh,x->y,y->x
0,2,4,-5.815181732177734,-6.460287570953369
