,L,nh,x->y,y->x
0,2,4,-4.0429301261901855,-3.920729398727417
