,L,nh,x->y,y->x
0,2,4,-1.5468322038650513,-1.9727370738983154
