,L,nh,x->y,y->x
0,2,4,-2.6379852294921875,-2.7230541706085205
