,L,nh,x->y,y->x
0,2,4,-3.5959064960479736,-4.290008544921875
