,L,nh,x->y,y->x
0,2,4,-3.4795007705688477,-3.311408519744873
