,L,nh,x->y,y->x
0,2,4,-3.0898025035858154,-3.297224521636963
