,L,nh,x->y,y->x
0,1,5,-2.953563928604126,-2.9952683448791504
