,L,nh,x->y,y->x
0,2,4,-3.2425501346588135,-3.283606767654419
