,L,nh,x->y,y->x
0,2,4,-3.847956657409668,-3.8283185958862305
