,L,nh,x->y,y->x
0,1,5,-4.445337295532227,-4.524965763092041
