,L,nh,x->y,y->x
0,2,4,-3.9451873302459717,-4.185044765472412
