,L,nh,x->y,y->x
0,1,18,-5.070465087890625,-4.974306106567383
1,1,24,-7.691199779510498,-7.994341850280762
2,2,18,-4.790482997894287,-5.147582530975342
3,2,24,-2.8148624897003174,-3.5972964763641357
4,3,18,-6.006918907165527,-5.917227745056152
5,3,24,-10.219141006469727,-11.58768081665039
