,L,nh,x->y,y->x
0,2,4,-3.949728488922119,-4.314752578735352
