,L,nh,x->y,y->x
0,1,18,-4.262516498565674,-4.394643306732178
1,1,24,-4.737740516662598,-3.8303205966949463
2,2,18,-4.095774173736572,-3.954706907272339
3,2,24,-3.0873301029205322,-3.0085818767547607
4,3,18,-4.600236415863037,-4.6245012283325195
5,3,24,-7.856351852416992,-5.9938812255859375
