,L,nh,x->y,y->x
0,2,4,-3.8523406982421875,-3.9954733848571777
