,L,nh,x->y,y->x
0,1,5,-4.401857376098633,-4.344235420227051
