,L,nh,x->y,y->x
0,2,4,-4.136313438415527,-4.027493476867676
