,L,nh,x->y,y->x
0,2,4,-3.1640126705169678,-4.123814105987549
