,L,nh,x->y,y->x
0,2,4,-2.5709803104400635,-2.611536979675293
