,L,nh,x->y,y->x
0,2,4,-4.336007595062256,-3.3881959915161133
