,L,nh,x->y,y->x
0,2,4,-3.5649640560150146,-3.4860262870788574
