,L,nh,x->y,y->x
0,2,4,-3.2215561866760254,-3.9173598289489746
