,L,nh,x->y,y->x
0,2,4,-4.050539016723633,-3.885551929473877
