,L,nh,x->y,y->x
0,2,4,-3.8891937732696533,-4.266948699951172
