,L,nh,x->y,y->x
0,2,4,-2.3811051845550537,-2.4311444759368896
