,L,nh,x->y,y->x
0,2,4,-4.044317722320557,-4.061240196228027
