,L,nh,x->y,y->x
0,2,4,-5.203575611114502,-4.278722763061523
