,L,nh,x->y,y->x
0,2,4,-2.122083902359009,-2.181119918823242
