,L,nh,x->y,y->x
0,2,4,-3.0082271099090576,-3.7277965545654297
