,L,nh,x->y,y->x
0,2,4,-4.400020122528076,-3.4736013412475586
