,L,nh,x->y,y->x
0,2,4,-2.4513018131256104,-2.527966022491455
