,L,nh,x->y,y->x
0,2,4,-5.6377482414245605,-4.714309215545654
