,L,nh,x->y,y->x
0,2,4,-3.6695148944854736,-3.8013756275177
