,L,nh,x->y,y->x
0,2,4,-2.5406994819641113,-2.593717336654663
