,L,nh,x->y,y->x
0,2,4,-2.750075340270996,-3.280512809753418
