,L,nh,x->y,y->x
0,2,4,-2.6125617027282715,-2.5967214107513428
