,L,nh,x->y,y->x
0,2,4,-3.2215585708618164,-3.1090519428253174
