,L,nh,x->y,y->x
0,2,4,-4.83698844909668,-4.400798797607422
