,L,nh,x->y,y->x
0,1,5,-4.62665319442749,-4.444629192352295
