,L,nh,x->y,y->x
0,2,4,-3.4557552337646484,-3.1446776390075684
