,L,nh,x->y,y->x
0,1,18,-4.528486728668213,-4.616262912750244
1,1,24,-6.805706977844238,-6.133146286010742
2,2,18,-4.030375957489014,-3.9496328830718994
3,2,24,-3.116790294647217,-3.0900590419769287
4,3,18,-4.645142078399658,-4.623015403747559
5,3,24,-8.568530082702637,-7.786320209503174
