,L,nh,x->y,y->x
0,1,18,-4.509341716766357,-4.531110763549805
1,1,24,-6.831298351287842,-6.18147087097168
2,2,18,-3.909799575805664,-4.004867076873779
3,2,24,-3.10776686668396,-3.2250380516052246
4,3,18,-4.558632850646973,-4.526143550872803
5,3,24,-8.683753967285156,-8.01638412475586
